CompetitorNumber,CompetitorName,DogName,CountryCode,IntermediateTime1,IntermediateTime2,IntermediateTime3,FinishTime,FaultCount,RefusalCount,IsEliminated,Placement
1,Name0001,Dog0001,NL,,,,,,,,
2,Name0002,Dog0002,NL,,,,,,,,
3,Name0003,Dog0003,NL,,,,,,,,
4,Name0004,Dog0004,NL,,,,,,,,
5,Name0005,Dog0005,NL,,,,,,,,
6,Name0006,Dog0006,NL,,,,,,,,
7,Name0007,Dog0007,NL,,,,,,,,
8,Name0008,Dog0008,NL,,,,,,,,
9,Name0009,Dog0009,NL,,,,,,,,
10,Name0010,Dog0010,NL,,,,,,,,
11,Name0011,Dog0011,NL,,,,,,,,
12,Name0012,Dog0012,NL,,,,,,,,
13,Name0013,Dog0013,NL,,,,,,,,
14,Name0014,Dog0014,NL,,,,,,,,
15,Name0015,Dog0015,NL,,,,,,,,
16,Name0016,Dog0016,NL,,,,,,,,
17,Name0017,Dog0017,NL,,,,,,,,
18,Name0018,Dog0018,NL,,,,,,,,
19,Name0019,Dog0019,NL,,,,,,,,
20,Name0020,Dog0020,NL,,,,,,,,
21,Name0021,Dog0021,NL,,,,,,,,
22,Name0022,Dog0022,NL,,,,,,,,
23,Name0023,Dog0023,NL,,,,,,,,
24,Name0024,Dog0024,NL,,,,,,,,
25,Name0025,Dog0025,NL,,,,,,,,
26,Name0026,Dog0026,NL,,,,,,,,
27,Name0027,Dog0027,NL,,,,,,,,
28,Name0028,Dog0028,NL,,,,,,,,
29,Name0029,Dog0029,NL,,,,,,,,
30,Name0030,Dog0030,NL,,,,,,,,
31,Name0031,Dog0031,NL,,,,,,,,
32,Name0032,Dog0032,NL,,,,,,,,
33,Name0033,Dog0033,NL,,,,,,,,
34,Name0034,Dog0034,NL,,,,,,,,
35,Name0035,Dog0035,NL,,,,,,,,
36,Name0036,Dog0036,NL,,,,,,,,
37,Name0037,Dog0037,NL,,,,,,,,
38,Name0038,Dog0038,NL,,,,,,,,
39,Name0039,Dog0039,NL,,,,,,,,
40,Name0040,Dog0040,NL,,,,,,,,
41,Name0041,Dog0041,NL,,,,,,,,
42,Name0042,Dog0042,NL,,,,,,,,
43,Name0043,Dog0043,NL,,,,,,,,
44,Name0044,Dog0044,NL,,,,,,,,
45,Name0045,Dog0045,NL,,,,,,,,
46,Name0046,Dog0046,NL,,,,,,,,
47,Name0047,Dog0047,NL,,,,,,,,
48,Name0048,Dog0048,NL,,,,,,,,
49,Name0049,Dog0049,NL,,,,,,,,
50,Name0050,Dog0050,NL,,,,,,,,
51,Name0051,Dog0051,NL,,,,,,,,
52,Name0052,Dog0052,NL,,,,,,,,
53,Name0053,Dog0053,NL,,,,,,,,
54,Name0054,Dog0054,NL,,,,,,,,
55,Name0055,Dog0055,NL,,,,,,,,
56,Name0056,Dog0056,NL,,,,,,,,
57,Name0057,Dog0057,NL,,,,,,,,
58,Name0058,Dog0058,NL,,,,,,,,
59,Name0059,Dog0059,NL,,,,,,,,
60,Name0060,Dog0060,NL,,,,,,,,
61,Name0061,Dog0061,NL,,,,,,,,
62,Name0062,Dog0062,NL,,,,,,,,
63,Name0063,Dog0063,NL,,,,,,,,
64,Name0064,Dog0064,NL,,,,,,,,
65,Name0065,Dog0065,NL,,,,,,,,
66,Name0066,Dog0066,NL,,,,,,,,
67,Name0067,Dog0067,NL,,,,,,,,
68,Name0068,Dog0068,NL,,,,,,,,
69,Name0069,Dog0069,NL,,,,,,,,
70,Name0070,Dog0070,NL,,,,,,,,
71,Name0071,Dog0071,NL,,,,,,,,
72,Name0072,Dog0072,NL,,,,,,,,
73,Name0073,Dog0073,NL,,,,,,,,
74,Name0074,Dog0074,NL,,,,,,,,
75,Name0075,Dog0075,NL,,,,,,,,
76,Name0076,Dog0076,NL,,,,,,,,
77,Name0077,Dog0077,NL,,,,,,,,
78,Name0078,Dog0078,NL,,,,,,,,
79,Name0079,Dog0079,NL,,,,,,,,
80,Name0080,Dog0080,NL,,,,,,,,
81,Name0081,Dog0081,NL,,,,,,,,
82,Name0082,Dog0082,NL,,,,,,,,
83,Name0083,Dog0083,NL,,,,,,,,
84,Name0084,Dog0084,NL,,,,,,,,
85,Name0085,Dog0085,NL,,,,,,,,
86,Name0086,Dog0086,NL,,,,,,,,
87,Name0087,Dog0087,NL,,,,,,,,
88,Name0088,Dog0088,NL,,,,,,,,
89,Name0089,Dog0089,NL,,,,,,,,
90,Name0090,Dog0090,NL,,,,,,,,
91,Name0091,Dog0091,NL,,,,,,,,
92,Name0092,Dog0092,NL,,,,,,,,
93,Name0093,Dog0093,NL,,,,,,,,
94,Name0094,Dog0094,NL,,,,,,,,
95,Name0095,Dog0095,NL,,,,,,,,
96,Name0096,Dog0096,NL,,,,,,,,
97,Name0097,Dog0097,NL,,,,,,,,
98,Name0098,Dog0098,NL,,,,,,,,
99,Name0099,Dog0099,NL,,,,,,,,
100,Name0100,Dog0100,NL,,,,,,,,
101,Name0101,Dog0101,NL,,,,,,,,
102,Name0102,Dog0102,NL,,,,,,,,
103,Name0103,Dog0103,NL,,,,,,,,
104,Name0104,Dog0104,NL,,,,,,,,
105,Name0105,Dog0105,NL,,,,,,,,
106,Name0106,Dog0106,NL,,,,,,,,
107,Name0107,Dog0107,NL,,,,,,,,
108,Name0108,Dog0108,NL,,,,,,,,
109,Name0109,Dog0109,NL,,,,,,,,
110,Name0110,Dog0110,NL,,,,,,,,
111,Name0111,Dog0111,NL,,,,,,,,
112,Name0112,Dog0112,NL,,,,,,,,
113,Name0113,Dog0113,NL,,,,,,,,
114,Name0114,Dog0114,NL,,,,,,,,
115,Name0115,Dog0115,NL,,,,,,,,
116,Name0116,Dog0116,NL,,,,,,,,
117,Name0117,Dog0117,NL,,,,,,,,
118,Name0118,Dog0118,NL,,,,,,,,
119,Name0119,Dog0119,NL,,,,,,,,
120,Name0120,Dog0120,NL,,,,,,,,
121,Name0121,Dog0121,NL,,,,,,,,
122,Name0122,Dog0122,NL,,,,,,,,
123,Name0123,Dog0123,NL,,,,,,,,
124,Name0124,Dog0124,NL,,,,,,,,
125,Name0125,Dog0125,NL,,,,,,,,
126,Name0126,Dog0126,NL,,,,,,,,
127,Name0127,Dog0127,NL,,,,,,,,
128,Name0128,Dog0128,NL,,,,,,,,
129,Name0129,Dog0129,NL,,,,,,,,
130,Name0130,Dog0130,NL,,,,,,,,
131,Name0131,Dog0131,NL,,,,,,,,
132,Name0132,Dog0132,NL,,,,,,,,
133,Name0133,Dog0133,NL,,,,,,,,
134,Name0134,Dog0134,NL,,,,,,,,
135,Name0135,Dog0135,NL,,,,,,,,
136,Name0136,Dog0136,NL,,,,,,,,
137,Name0137,Dog0137,NL,,,,,,,,
138,Name0138,Dog0138,NL,,,,,,,,
139,Name0139,Dog0139,NL,,,,,,,,
140,Name0140,Dog0140,NL,,,,,,,,
141,Name0141,Dog0141,NL,,,,,,,,
142,Name0142,Dog0142,NL,,,,,,,,
143,Name0143,Dog0143,NL,,,,,,,,
144,Name0144,Dog0144,NL,,,,,,,,
145,Name0145,Dog0145,NL,,,,,,,,
146,Name0146,Dog0146,NL,,,,,,,,
147,Name0147,Dog0147,NL,,,,,,,,
148,Name0148,Dog0148,NL,,,,,,,,
149,Name0149,Dog0149,NL,,,,,,,,
150,Name0150,Dog0150,NL,,,,,,,,
151,Name0151,Dog0151,NL,,,,,,,,
152,Name0152,Dog0152,NL,,,,,,,,
153,Name0153,Dog0153,NL,,,,,,,,
154,Name0154,Dog0154,NL,,,,,,,,
155,Name0155,Dog0155,NL,,,,,,,,
156,Name0156,Dog0156,NL,,,,,,,,
157,Name0157,Dog0157,NL,,,,,,,,
158,Name0158,Dog0158,NL,,,,,,,,
159,Name0159,Dog0159,NL,,,,,,,,
160,Name0160,Dog0160,NL,,,,,,,,
161,Name0161,Dog0161,NL,,,,,,,,
162,Name0162,Dog0162,NL,,,,,,,,
163,Name0163,Dog0163,NL,,,,,,,,
164,Name0164,Dog0164,NL,,,,,,,,
165,Name0165,Dog0165,NL,,,,,,,,
166,Name0166,Dog0166,NL,,,,,,,,
167,Name0167,Dog0167,NL,,,,,,,,
168,Name0168,Dog0168,NL,,,,,,,,
169,Name0169,Dog0169,NL,,,,,,,,
170,Name0170,Dog0170,NL,,,,,,,,
171,Name0171,Dog0171,NL,,,,,,,,
172,Name0172,Dog0172,NL,,,,,,,,
173,Name0173,Dog0173,NL,,,,,,,,
174,Name0174,Dog0174,NL,,,,,,,,
175,Name0175,Dog0175,NL,,,,,,,,
176,Name0176,Dog0176,NL,,,,,,,,
177,Name0177,Dog0177,NL,,,,,,,,
178,Name0178,Dog0178,NL,,,,,,,,
179,Name0179,Dog0179,NL,,,,,,,,
180,Name0180,Dog0180,NL,,,,,,,,
181,Name0181,Dog0181,NL,,,,,,,,
182,Name0182,Dog0182,NL,,,,,,,,
183,Name0183,Dog0183,NL,,,,,,,,
184,Name0184,Dog0184,NL,,,,,,,,
185,Name0185,Dog0185,NL,,,,,,,,
186,Name0186,Dog0186,NL,,,,,,,,
187,Name0187,Dog0187,NL,,,,,,,,
188,Name0188,Dog0188,NL,,,,,,,,
189,Name0189,Dog0189,NL,,,,,,,,
190,Name0190,Dog0190,NL,,,,,,,,
191,Name0191,Dog0191,NL,,,,,,,,
192,Name0192,Dog0192,NL,,,,,,,,
193,Name0193,Dog0193,NL,,,,,,,,
194,Name0194,Dog0194,NL,,,,,,,,
195,Name0195,Dog0195,NL,,,,,,,,
196,Name0196,Dog0196,NL,,,,,,,,
197,Name0197,Dog0197,NL,,,,,,,,
198,Name0198,Dog0198,NL,,,,,,,,
199,Name0199,Dog0199,NL,,,,,,,,
200,Name0200,Dog0200,NL,,,,,,,,
201,Name0201,Dog0201,NL,,,,,,,,
202,Name0202,Dog0202,NL,,,,,,,,
203,Name0203,Dog0203,NL,,,,,,,,
204,Name0204,Dog0204,NL,,,,,,,,
205,Name0205,Dog0205,NL,,,,,,,,
206,Name0206,Dog0206,NL,,,,,,,,
207,Name0207,Dog0207,NL,,,,,,,,
208,Name0208,Dog0208,NL,,,,,,,,
209,Name0209,Dog0209,NL,,,,,,,,
210,Name0210,Dog0210,NL,,,,,,,,
211,Name0211,Dog0211,NL,,,,,,,,
212,Name0212,Dog0212,NL,,,,,,,,
213,Name0213,Dog0213,NL,,,,,,,,
214,Name0214,Dog0214,NL,,,,,,,,
215,Name0215,Dog0215,NL,,,,,,,,
216,Name0216,Dog0216,NL,,,,,,,,
217,Name0217,Dog0217,NL,,,,,,,,
218,Name0218,Dog0218,NL,,,,,,,,
219,Name0219,Dog0219,NL,,,,,,,,
220,Name0220,Dog0220,NL,,,,,,,,
221,Name0221,Dog0221,NL,,,,,,,,
222,Name0222,Dog0222,NL,,,,,,,,
223,Name0223,Dog0223,NL,,,,,,,,
224,Name0224,Dog0224,NL,,,,,,,,
225,Name0225,Dog0225,NL,,,,,,,,
226,Name0226,Dog0226,NL,,,,,,,,
227,Name0227,Dog0227,NL,,,,,,,,
228,Name0228,Dog0228,NL,,,,,,,,
229,Name0229,Dog0229,NL,,,,,,,,
230,Name0230,Dog0230,NL,,,,,,,,
231,Name0231,Dog0231,NL,,,,,,,,
232,Name0232,Dog0232,NL,,,,,,,,
233,Name0233,Dog0233,NL,,,,,,,,
234,Name0234,Dog0234,NL,,,,,,,,
235,Name0235,Dog0235,NL,,,,,,,,
236,Name0236,Dog0236,NL,,,,,,,,
237,Name0237,Dog0237,NL,,,,,,,,
238,Name0238,Dog0238,NL,,,,,,,,
239,Name0239,Dog0239,NL,,,,,,,,
240,Name0240,Dog0240,NL,,,,,,,,
241,Name0241,Dog0241,NL,,,,,,,,
242,Name0242,Dog0242,NL,,,,,,,,
243,Name0243,Dog0243,NL,,,,,,,,
244,Name0244,Dog0244,NL,,,,,,,,
245,Name0245,Dog0245,NL,,,,,,,,
246,Name0246,Dog0246,NL,,,,,,,,
247,Name0247,Dog0247,NL,,,,,,,,
248,Name0248,Dog0248,NL,,,,,,,,
249,Name0249,Dog0249,NL,,,,,,,,
250,Name0250,Dog0250,NL,,,,,,,,
251,Name0251,Dog0251,NL,,,,,,,,
252,Name0252,Dog0252,NL,,,,,,,,
253,Name0253,Dog0253,NL,,,,,,,,
254,Name0254,Dog0254,NL,,,,,,,,
255,Name0255,Dog0255,NL,,,,,,,,
256,Name0256,Dog0256,NL,,,,,,,,
257,Name0257,Dog0257,NL,,,,,,,,
258,Name0258,Dog0258,NL,,,,,,,,
259,Name0259,Dog0259,NL,,,,,,,,
260,Name0260,Dog0260,NL,,,,,,,,
261,Name0261,Dog0261,NL,,,,,,,,
262,Name0262,Dog0262,NL,,,,,,,,
263,Name0263,Dog0263,NL,,,,,,,,
264,Name0264,Dog0264,NL,,,,,,,,
265,Name0265,Dog0265,NL,,,,,,,,
266,Name0266,Dog0266,NL,,,,,,,,
267,Name0267,Dog0267,NL,,,,,,,,
268,Name0268,Dog0268,NL,,,,,,,,
269,Name0269,Dog0269,NL,,,,,,,,
270,Name0270,Dog0270,NL,,,,,,,,
271,Name0271,Dog0271,NL,,,,,,,,
272,Name0272,Dog0272,NL,,,,,,,,
273,Name0273,Dog0273,NL,,,,,,,,
274,Name0274,Dog0274,NL,,,,,,,,
275,Name0275,Dog0275,NL,,,,,,,,
276,Name0276,Dog0276,NL,,,,,,,,
277,Name0277,Dog0277,NL,,,,,,,,
278,Name0278,Dog0278,NL,,,,,,,,
279,Name0279,Dog0279,NL,,,,,,,,
280,Name0280,Dog0280,NL,,,,,,,,
281,Name0281,Dog0281,NL,,,,,,,,
282,Name0282,Dog0282,NL,,,,,,,,
283,Name0283,Dog0283,NL,,,,,,,,
284,Name0284,Dog0284,NL,,,,,,,,
285,Name0285,Dog0285,NL,,,,,,,,
286,Name0286,Dog0286,NL,,,,,,,,
287,Name0287,Dog0287,NL,,,,,,,,
288,Name0288,Dog0288,NL,,,,,,,,
289,Name0289,Dog0289,NL,,,,,,,,
290,Name0290,Dog0290,NL,,,,,,,,
291,Name0291,Dog0291,NL,,,,,,,,
292,Name0292,Dog0292,NL,,,,,,,,
293,Name0293,Dog0293,NL,,,,,,,,
294,Name0294,Dog0294,NL,,,,,,,,
295,Name0295,Dog0295,NL,,,,,,,,
296,Name0296,Dog0296,NL,,,,,,,,
297,Name0297,Dog0297,NL,,,,,,,,
298,Name0298,Dog0298,NL,,,,,,,,
299,Name0299,Dog0299,NL,,,,,,,,
300,Name0300,Dog0300,NL,,,,,,,,
301,Name0301,Dog0301,NL,,,,,,,,
302,Name0302,Dog0302,NL,,,,,,,,
303,Name0303,Dog0303,NL,,,,,,,,
304,Name0304,Dog0304,NL,,,,,,,,
305,Name0305,Dog0305,NL,,,,,,,,
306,Name0306,Dog0306,NL,,,,,,,,
307,Name0307,Dog0307,NL,,,,,,,,
308,Name0308,Dog0308,NL,,,,,,,,
309,Name0309,Dog0309,NL,,,,,,,,
310,Name0310,Dog0310,NL,,,,,,,,
311,Name0311,Dog0311,NL,,,,,,,,
312,Name0312,Dog0312,NL,,,,,,,,
313,Name0313,Dog0313,NL,,,,,,,,
314,Name0314,Dog0314,NL,,,,,,,,
315,Name0315,Dog0315,NL,,,,,,,,
316,Name0316,Dog0316,NL,,,,,,,,
317,Name0317,Dog0317,NL,,,,,,,,
318,Name0318,Dog0318,NL,,,,,,,,
319,Name0319,Dog0319,NL,,,,,,,,
320,Name0320,Dog0320,NL,,,,,,,,
321,Name0321,Dog0321,NL,,,,,,,,
322,Name0322,Dog0322,NL,,,,,,,,
323,Name0323,Dog0323,NL,,,,,,,,
324,Name0324,Dog0324,NL,,,,,,,,
325,Name0325,Dog0325,NL,,,,,,,,
326,Name0326,Dog0326,NL,,,,,,,,
327,Name0327,Dog0327,NL,,,,,,,,
328,Name0328,Dog0328,NL,,,,,,,,
329,Name0329,Dog0329,NL,,,,,,,,
330,Name0330,Dog0330,NL,,,,,,,,
331,Name0331,Dog0331,NL,,,,,,,,
332,Name0332,Dog0332,NL,,,,,,,,
333,Name0333,Dog0333,NL,,,,,,,,
334,Name0334,Dog0334,NL,,,,,,,,
335,Name0335,Dog0335,NL,,,,,,,,
336,Name0336,Dog0336,NL,,,,,,,,
337,Name0337,Dog0337,NL,,,,,,,,
338,Name0338,Dog0338,NL,,,,,,,,
339,Name0339,Dog0339,NL,,,,,,,,
340,Name0340,Dog0340,NL,,,,,,,,
341,Name0341,Dog0341,NL,,,,,,,,
342,Name0342,Dog0342,NL,,,,,,,,
343,Name0343,Dog0343,NL,,,,,,,,
344,Name0344,Dog0344,NL,,,,,,,,
345,Name0345,Dog0345,NL,,,,,,,,
346,Name0346,Dog0346,NL,,,,,,,,
347,Name0347,Dog0347,NL,,,,,,,,
348,Name0348,Dog0348,NL,,,,,,,,
349,Name0349,Dog0349,NL,,,,,,,,
350,Name0350,Dog0350,NL,,,,,,,,
351,Name0351,Dog0351,NL,,,,,,,,
352,Name0352,Dog0352,NL,,,,,,,,
353,Name0353,Dog0353,NL,,,,,,,,
354,Name0354,Dog0354,NL,,,,,,,,
355,Name0355,Dog0355,NL,,,,,,,,
356,Name0356,Dog0356,NL,,,,,,,,
357,Name0357,Dog0357,NL,,,,,,,,
358,Name0358,Dog0358,NL,,,,,,,,
359,Name0359,Dog0359,NL,,,,,,,,
360,Name0360,Dog0360,NL,,,,,,,,
361,Name0361,Dog0361,NL,,,,,,,,
362,Name0362,Dog0362,NL,,,,,,,,
363,Name0363,Dog0363,NL,,,,,,,,
364,Name0364,Dog0364,NL,,,,,,,,
365,Name0365,Dog0365,NL,,,,,,,,
366,Name0366,Dog0366,NL,,,,,,,,
367,Name0367,Dog0367,NL,,,,,,,,
368,Name0368,Dog0368,NL,,,,,,,,
369,Name0369,Dog0369,NL,,,,,,,,
370,Name0370,Dog0370,NL,,,,,,,,
371,Name0371,Dog0371,NL,,,,,,,,
372,Name0372,Dog0372,NL,,,,,,,,
373,Name0373,Dog0373,NL,,,,,,,,
374,Name0374,Dog0374,NL,,,,,,,,
375,Name0375,Dog0375,NL,,,,,,,,
376,Name0376,Dog0376,NL,,,,,,,,
377,Name0377,Dog0377,NL,,,,,,,,
378,Name0378,Dog0378,NL,,,,,,,,
379,Name0379,Dog0379,NL,,,,,,,,
380,Name0380,Dog0380,NL,,,,,,,,
381,Name0381,Dog0381,NL,,,,,,,,
382,Name0382,Dog0382,NL,,,,,,,,
383,Name0383,Dog0383,NL,,,,,,,,
384,Name0384,Dog0384,NL,,,,,,,,
385,Name0385,Dog0385,NL,,,,,,,,
386,Name0386,Dog0386,NL,,,,,,,,
387,Name0387,Dog0387,NL,,,,,,,,
388,Name0388,Dog0388,NL,,,,,,,,
389,Name0389,Dog0389,NL,,,,,,,,
390,Name0390,Dog0390,NL,,,,,,,,
391,Name0391,Dog0391,NL,,,,,,,,
392,Name0392,Dog0392,NL,,,,,,,,
393,Name0393,Dog0393,NL,,,,,,,,
394,Name0394,Dog0394,NL,,,,,,,,
395,Name0395,Dog0395,NL,,,,,,,,
396,Name0396,Dog0396,NL,,,,,,,,
397,Name0397,Dog0397,NL,,,,,,,,
398,Name0398,Dog0398,NL,,,,,,,,
399,Name0399,Dog0399,NL,,,,,,,,
400,Name0400,Dog0400,NL,,,,,,,,
401,Name0401,Dog0401,NL,,,,,,,,
402,Name0402,Dog0402,NL,,,,,,,,
403,Name0403,Dog0403,NL,,,,,,,,
404,Name0404,Dog0404,NL,,,,,,,,
405,Name0405,Dog0405,NL,,,,,,,,
406,Name0406,Dog0406,NL,,,,,,,,
407,Name0407,Dog0407,NL,,,,,,,,
408,Name0408,Dog0408,NL,,,,,,,,
409,Name0409,Dog0409,NL,,,,,,,,
410,Name0410,Dog0410,NL,,,,,,,,
411,Name0411,Dog0411,NL,,,,,,,,
412,Name0412,Dog0412,NL,,,,,,,,
413,Name0413,Dog0413,NL,,,,,,,,
414,Name0414,Dog0414,NL,,,,,,,,
415,Name0415,Dog0415,NL,,,,,,,,
416,Name0416,Dog0416,NL,,,,,,,,
417,Name0417,Dog0417,NL,,,,,,,,
418,Name0418,Dog0418,NL,,,,,,,,
419,Name0419,Dog0419,NL,,,,,,,,
420,Name0420,Dog0420,NL,,,,,,,,
421,Name0421,Dog0421,NL,,,,,,,,
422,Name0422,Dog0422,NL,,,,,,,,
423,Name0423,Dog0423,NL,,,,,,,,
424,Name0424,Dog0424,NL,,,,,,,,
425,Name0425,Dog0425,NL,,,,,,,,
426,Name0426,Dog0426,NL,,,,,,,,
427,Name0427,Dog0427,NL,,,,,,,,
428,Name0428,Dog0428,NL,,,,,,,,
429,Name0429,Dog0429,NL,,,,,,,,
430,Name0430,Dog0430,NL,,,,,,,,
431,Name0431,Dog0431,NL,,,,,,,,
432,Name0432,Dog0432,NL,,,,,,,,
433,Name0433,Dog0433,NL,,,,,,,,
434,Name0434,Dog0434,NL,,,,,,,,
435,Name0435,Dog0435,NL,,,,,,,,
436,Name0436,Dog0436,NL,,,,,,,,
437,Name0437,Dog0437,NL,,,,,,,,
438,Name0438,Dog0438,NL,,,,,,,,
439,Name0439,Dog0439,NL,,,,,,,,
440,Name0440,Dog0440,NL,,,,,,,,
441,Name0441,Dog0441,NL,,,,,,,,
442,Name0442,Dog0442,NL,,,,,,,,
443,Name0443,Dog0443,NL,,,,,,,,
444,Name0444,Dog0444,NL,,,,,,,,
445,Name0445,Dog0445,NL,,,,,,,,
446,Name0446,Dog0446,NL,,,,,,,,
447,Name0447,Dog0447,NL,,,,,,,,
448,Name0448,Dog0448,NL,,,,,,,,
449,Name0449,Dog0449,NL,,,,,,,,
450,Name0450,Dog0450,NL,,,,,,,,
451,Name0451,Dog0451,NL,,,,,,,,
452,Name0452,Dog0452,NL,,,,,,,,
453,Name0453,Dog0453,NL,,,,,,,,
454,Name0454,Dog0454,NL,,,,,,,,
455,Name0455,Dog0455,NL,,,,,,,,
456,Name0456,Dog0456,NL,,,,,,,,
457,Name0457,Dog0457,NL,,,,,,,,
458,Name0458,Dog0458,NL,,,,,,,,
459,Name0459,Dog0459,NL,,,,,,,,
460,Name0460,Dog0460,NL,,,,,,,,
461,Name0461,Dog0461,NL,,,,,,,,
462,Name0462,Dog0462,NL,,,,,,,,
463,Name0463,Dog0463,NL,,,,,,,,
464,Name0464,Dog0464,NL,,,,,,,,
465,Name0465,Dog0465,NL,,,,,,,,
466,Name0466,Dog0466,NL,,,,,,,,
467,Name0467,Dog0467,NL,,,,,,,,
468,Name0468,Dog0468,NL,,,,,,,,
469,Name0469,Dog0469,NL,,,,,,,,
470,Name0470,Dog0470,NL,,,,,,,,
471,Name0471,Dog0471,NL,,,,,,,,
472,Name0472,Dog0472,NL,,,,,,,,
473,Name0473,Dog0473,NL,,,,,,,,
474,Name0474,Dog0474,NL,,,,,,,,
475,Name0475,Dog0475,NL,,,,,,,,
476,Name0476,Dog0476,NL,,,,,,,,
477,Name0477,Dog0477,NL,,,,,,,,
478,Name0478,Dog0478,NL,,,,,,,,
479,Name0479,Dog0479,NL,,,,,,,,
480,Name0480,Dog0480,NL,,,,,,,,
481,Name0481,Dog0481,NL,,,,,,,,
482,Name0482,Dog0482,NL,,,,,,,,
483,Name0483,Dog0483,NL,,,,,,,,
484,Name0484,Dog0484,NL,,,,,,,,
485,Name0485,Dog0485,NL,,,,,,,,
486,Name0486,Dog0486,NL,,,,,,,,
487,Name0487,Dog0487,NL,,,,,,,,
488,Name0488,Dog0488,NL,,,,,,,,
489,Name0489,Dog0489,NL,,,,,,,,
490,Name0490,Dog0490,NL,,,,,,,,
491,Name0491,Dog0491,NL,,,,,,,,
492,Name0492,Dog0492,NL,,,,,,,,
493,Name0493,Dog0493,NL,,,,,,,,
494,Name0494,Dog0494,NL,,,,,,,,
495,Name0495,Dog0495,NL,,,,,,,,
496,Name0496,Dog0496,NL,,,,,,,,
497,Name0497,Dog0497,NL,,,,,,,,
498,Name0498,Dog0498,NL,,,,,,,,
499,Name0499,Dog0499,NL,,,,,,,,
500,Name0500,Dog0500,NL,,,,,,,,
501,Name0501,Dog0501,NL,,,,,,,,
502,Name0502,Dog0502,NL,,,,,,,,
503,Name0503,Dog0503,NL,,,,,,,,
504,Name0504,Dog0504,NL,,,,,,,,
505,Name0505,Dog0505,NL,,,,,,,,
506,Name0506,Dog0506,NL,,,,,,,,
507,Name0507,Dog0507,NL,,,,,,,,
508,Name0508,Dog0508,NL,,,,,,,,
509,Name0509,Dog0509,NL,,,,,,,,
510,Name0510,Dog0510,NL,,,,,,,,
511,Name0511,Dog0511,NL,,,,,,,,
512,Name0512,Dog0512,NL,,,,,,,,
513,Name0513,Dog0513,NL,,,,,,,,
514,Name0514,Dog0514,NL,,,,,,,,
515,Name0515,Dog0515,NL,,,,,,,,
516,Name0516,Dog0516,NL,,,,,,,,
517,Name0517,Dog0517,NL,,,,,,,,
518,Name0518,Dog0518,NL,,,,,,,,
519,Name0519,Dog0519,NL,,,,,,,,
520,Name0520,Dog0520,NL,,,,,,,,
521,Name0521,Dog0521,NL,,,,,,,,
522,Name0522,Dog0522,NL,,,,,,,,
523,Name0523,Dog0523,NL,,,,,,,,
524,Name0524,Dog0524,NL,,,,,,,,
525,Name0525,Dog0525,NL,,,,,,,,
526,Name0526,Dog0526,NL,,,,,,,,
527,Name0527,Dog0527,NL,,,,,,,,
528,Name0528,Dog0528,NL,,,,,,,,
529,Name0529,Dog0529,NL,,,,,,,,
530,Name0530,Dog0530,NL,,,,,,,,
531,Name0531,Dog0531,NL,,,,,,,,
532,Name0532,Dog0532,NL,,,,,,,,
533,Name0533,Dog0533,NL,,,,,,,,
534,Name0534,Dog0534,NL,,,,,,,,
535,Name0535,Dog0535,NL,,,,,,,,
536,Name0536,Dog0536,NL,,,,,,,,
537,Name0537,Dog0537,NL,,,,,,,,
538,Name0538,Dog0538,NL,,,,,,,,
539,Name0539,Dog0539,NL,,,,,,,,
540,Name0540,Dog0540,NL,,,,,,,,
541,Name0541,Dog0541,NL,,,,,,,,
542,Name0542,Dog0542,NL,,,,,,,,
543,Name0543,Dog0543,NL,,,,,,,,
544,Name0544,Dog0544,NL,,,,,,,,
545,Name0545,Dog0545,NL,,,,,,,,
546,Name0546,Dog0546,NL,,,,,,,,
547,Name0547,Dog0547,NL,,,,,,,,
548,Name0548,Dog0548,NL,,,,,,,,
549,Name0549,Dog0549,NL,,,,,,,,
550,Name0550,Dog0550,NL,,,,,,,,
551,Name0551,Dog0551,NL,,,,,,,,
552,Name0552,Dog0552,NL,,,,,,,,
553,Name0553,Dog0553,NL,,,,,,,,
554,Name0554,Dog0554,NL,,,,,,,,
555,Name0555,Dog0555,NL,,,,,,,,
556,Name0556,Dog0556,NL,,,,,,,,
557,Name0557,Dog0557,NL,,,,,,,,
558,Name0558,Dog0558,NL,,,,,,,,
559,Name0559,Dog0559,NL,,,,,,,,
560,Name0560,Dog0560,NL,,,,,,,,
561,Name0561,Dog0561,NL,,,,,,,,
562,Name0562,Dog0562,NL,,,,,,,,
563,Name0563,Dog0563,NL,,,,,,,,
564,Name0564,Dog0564,NL,,,,,,,,
565,Name0565,Dog0565,NL,,,,,,,,
566,Name0566,Dog0566,NL,,,,,,,,
567,Name0567,Dog0567,NL,,,,,,,,
568,Name0568,Dog0568,NL,,,,,,,,
569,Name0569,Dog0569,NL,,,,,,,,
570,Name0570,Dog0570,NL,,,,,,,,
571,Name0571,Dog0571,NL,,,,,,,,
572,Name0572,Dog0572,NL,,,,,,,,
573,Name0573,Dog0573,NL,,,,,,,,
574,Name0574,Dog0574,NL,,,,,,,,
575,Name0575,Dog0575,NL,,,,,,,,
576,Name0576,Dog0576,NL,,,,,,,,
577,Name0577,Dog0577,NL,,,,,,,,
578,Name0578,Dog0578,NL,,,,,,,,
579,Name0579,Dog0579,NL,,,,,,,,
580,Name0580,Dog0580,NL,,,,,,,,
581,Name0581,Dog0581,NL,,,,,,,,
582,Name0582,Dog0582,NL,,,,,,,,
583,Name0583,Dog0583,NL,,,,,,,,
584,Name0584,Dog0584,NL,,,,,,,,
585,Name0585,Dog0585,NL,,,,,,,,
586,Name0586,Dog0586,NL,,,,,,,,
587,Name0587,Dog0587,NL,,,,,,,,
588,Name0588,Dog0588,NL,,,,,,,,
589,Name0589,Dog0589,NL,,,,,,,,
590,Name0590,Dog0590,NL,,,,,,,,
591,Name0591,Dog0591,NL,,,,,,,,
592,Name0592,Dog0592,NL,,,,,,,,
593,Name0593,Dog0593,NL,,,,,,,,
594,Name0594,Dog0594,NL,,,,,,,,
595,Name0595,Dog0595,NL,,,,,,,,
596,Name0596,Dog0596,NL,,,,,,,,
597,Name0597,Dog0597,NL,,,,,,,,
598,Name0598,Dog0598,NL,,,,,,,,
599,Name0599,Dog0599,NL,,,,,,,,
600,Name0600,Dog0600,NL,,,,,,,,
601,Name0601,Dog0601,NL,,,,,,,,
602,Name0602,Dog0602,NL,,,,,,,,
603,Name0603,Dog0603,NL,,,,,,,,
604,Name0604,Dog0604,NL,,,,,,,,
605,Name0605,Dog0605,NL,,,,,,,,
606,Name0606,Dog0606,NL,,,,,,,,
607,Name0607,Dog0607,NL,,,,,,,,
608,Name0608,Dog0608,NL,,,,,,,,
609,Name0609,Dog0609,NL,,,,,,,,
610,Name0610,Dog0610,NL,,,,,,,,
611,Name0611,Dog0611,NL,,,,,,,,
612,Name0612,Dog0612,NL,,,,,,,,
613,Name0613,Dog0613,NL,,,,,,,,
614,Name0614,Dog0614,NL,,,,,,,,
615,Name0615,Dog0615,NL,,,,,,,,
616,Name0616,Dog0616,NL,,,,,,,,
617,Name0617,Dog0617,NL,,,,,,,,
618,Name0618,Dog0618,NL,,,,,,,,
619,Name0619,Dog0619,NL,,,,,,,,
620,Name0620,Dog0620,NL,,,,,,,,
621,Name0621,Dog0621,NL,,,,,,,,
622,Name0622,Dog0622,NL,,,,,,,,
623,Name0623,Dog0623,NL,,,,,,,,
624,Name0624,Dog0624,NL,,,,,,,,
625,Name0625,Dog0625,NL,,,,,,,,
626,Name0626,Dog0626,NL,,,,,,,,
627,Name0627,Dog0627,NL,,,,,,,,
628,Name0628,Dog0628,NL,,,,,,,,
629,Name0629,Dog0629,NL,,,,,,,,
630,Name0630,Dog0630,NL,,,,,,,,
631,Name0631,Dog0631,NL,,,,,,,,
632,Name0632,Dog0632,NL,,,,,,,,
633,Name0633,Dog0633,NL,,,,,,,,
634,Name0634,Dog0634,NL,,,,,,,,
635,Name0635,Dog0635,NL,,,,,,,,
636,Name0636,Dog0636,NL,,,,,,,,
637,Name0637,Dog0637,NL,,,,,,,,
638,Name0638,Dog0638,NL,,,,,,,,
639,Name0639,Dog0639,NL,,,,,,,,
640,Name0640,Dog0640,NL,,,,,,,,
641,Name0641,Dog0641,NL,,,,,,,,
642,Name0642,Dog0642,NL,,,,,,,,
643,Name0643,Dog0643,NL,,,,,,,,
644,Name0644,Dog0644,NL,,,,,,,,
645,Name0645,Dog0645,NL,,,,,,,,
646,Name0646,Dog0646,NL,,,,,,,,
647,Name0647,Dog0647,NL,,,,,,,,
648,Name0648,Dog0648,NL,,,,,,,,
649,Name0649,Dog0649,NL,,,,,,,,
650,Name0650,Dog0650,NL,,,,,,,,
651,Name0651,Dog0651,NL,,,,,,,,
652,Name0652,Dog0652,NL,,,,,,,,
653,Name0653,Dog0653,NL,,,,,,,,
654,Name0654,Dog0654,NL,,,,,,,,
655,Name0655,Dog0655,NL,,,,,,,,
656,Name0656,Dog0656,NL,,,,,,,,
657,Name0657,Dog0657,NL,,,,,,,,
658,Name0658,Dog0658,NL,,,,,,,,
659,Name0659,Dog0659,NL,,,,,,,,
660,Name0660,Dog0660,NL,,,,,,,,
661,Name0661,Dog0661,NL,,,,,,,,
662,Name0662,Dog0662,NL,,,,,,,,
663,Name0663,Dog0663,NL,,,,,,,,
664,Name0664,Dog0664,NL,,,,,,,,
665,Name0665,Dog0665,NL,,,,,,,,
666,Name0666,Dog0666,NL,,,,,,,,
667,Name0667,Dog0667,NL,,,,,,,,
668,Name0668,Dog0668,NL,,,,,,,,
669,Name0669,Dog0669,NL,,,,,,,,
670,Name0670,Dog0670,NL,,,,,,,,
671,Name0671,Dog0671,NL,,,,,,,,
672,Name0672,Dog0672,NL,,,,,,,,
673,Name0673,Dog0673,NL,,,,,,,,
674,Name0674,Dog0674,NL,,,,,,,,
675,Name0675,Dog0675,NL,,,,,,,,
676,Name0676,Dog0676,NL,,,,,,,,
677,Name0677,Dog0677,NL,,,,,,,,
678,Name0678,Dog0678,NL,,,,,,,,
679,Name0679,Dog0679,NL,,,,,,,,
680,Name0680,Dog0680,NL,,,,,,,,
681,Name0681,Dog0681,NL,,,,,,,,
682,Name0682,Dog0682,NL,,,,,,,,
683,Name0683,Dog0683,NL,,,,,,,,
684,Name0684,Dog0684,NL,,,,,,,,
685,Name0685,Dog0685,NL,,,,,,,,
686,Name0686,Dog0686,NL,,,,,,,,
687,Name0687,Dog0687,NL,,,,,,,,
688,Name0688,Dog0688,NL,,,,,,,,
689,Name0689,Dog0689,NL,,,,,,,,
690,Name0690,Dog0690,NL,,,,,,,,
691,Name0691,Dog0691,NL,,,,,,,,
692,Name0692,Dog0692,NL,,,,,,,,
693,Name0693,Dog0693,NL,,,,,,,,
694,Name0694,Dog0694,NL,,,,,,,,
695,Name0695,Dog0695,NL,,,,,,,,
696,Name0696,Dog0696,NL,,,,,,,,
697,Name0697,Dog0697,NL,,,,,,,,
698,Name0698,Dog0698,NL,,,,,,,,
699,Name0699,Dog0699,NL,,,,,,,,
700,Name0700,Dog0700,NL,,,,,,,,
701,Name0701,Dog0701,NL,,,,,,,,
702,Name0702,Dog0702,NL,,,,,,,,
703,Name0703,Dog0703,NL,,,,,,,,
704,Name0704,Dog0704,NL,,,,,,,,
705,Name0705,Dog0705,NL,,,,,,,,
706,Name0706,Dog0706,NL,,,,,,,,
707,Name0707,Dog0707,NL,,,,,,,,
708,Name0708,Dog0708,NL,,,,,,,,
709,Name0709,Dog0709,NL,,,,,,,,
710,Name0710,Dog0710,NL,,,,,,,,
711,Name0711,Dog0711,NL,,,,,,,,
712,Name0712,Dog0712,NL,,,,,,,,
713,Name0713,Dog0713,NL,,,,,,,,
714,Name0714,Dog0714,NL,,,,,,,,
715,Name0715,Dog0715,NL,,,,,,,,
716,Name0716,Dog0716,NL,,,,,,,,
717,Name0717,Dog0717,NL,,,,,,,,
718,Name0718,Dog0718,NL,,,,,,,,
719,Name0719,Dog0719,NL,,,,,,,,
720,Name0720,Dog0720,NL,,,,,,,,
721,Name0721,Dog0721,NL,,,,,,,,
722,Name0722,Dog0722,NL,,,,,,,,
723,Name0723,Dog0723,NL,,,,,,,,
724,Name0724,Dog0724,NL,,,,,,,,
725,Name0725,Dog0725,NL,,,,,,,,
726,Name0726,Dog0726,NL,,,,,,,,
727,Name0727,Dog0727,NL,,,,,,,,
728,Name0728,Dog0728,NL,,,,,,,,
729,Name0729,Dog0729,NL,,,,,,,,
730,Name0730,Dog0730,NL,,,,,,,,
731,Name0731,Dog0731,NL,,,,,,,,
732,Name0732,Dog0732,NL,,,,,,,,
733,Name0733,Dog0733,NL,,,,,,,,
734,Name0734,Dog0734,NL,,,,,,,,
735,Name0735,Dog0735,NL,,,,,,,,
736,Name0736,Dog0736,NL,,,,,,,,
737,Name0737,Dog0737,NL,,,,,,,,
738,Name0738,Dog0738,NL,,,,,,,,
739,Name0739,Dog0739,NL,,,,,,,,
740,Name0740,Dog0740,NL,,,,,,,,
741,Name0741,Dog0741,NL,,,,,,,,
742,Name0742,Dog0742,NL,,,,,,,,
743,Name0743,Dog0743,NL,,,,,,,,
744,Name0744,Dog0744,NL,,,,,,,,
745,Name0745,Dog0745,NL,,,,,,,,
746,Name0746,Dog0746,NL,,,,,,,,
747,Name0747,Dog0747,NL,,,,,,,,
748,Name0748,Dog0748,NL,,,,,,,,
749,Name0749,Dog0749,NL,,,,,,,,
750,Name0750,Dog0750,NL,,,,,,,,
751,Name0751,Dog0751,NL,,,,,,,,
752,Name0752,Dog0752,NL,,,,,,,,
753,Name0753,Dog0753,NL,,,,,,,,
754,Name0754,Dog0754,NL,,,,,,,,
755,Name0755,Dog0755,NL,,,,,,,,
756,Name0756,Dog0756,NL,,,,,,,,
757,Name0757,Dog0757,NL,,,,,,,,
758,Name0758,Dog0758,NL,,,,,,,,
759,Name0759,Dog0759,NL,,,,,,,,
760,Name0760,Dog0760,NL,,,,,,,,
761,Name0761,Dog0761,NL,,,,,,,,
762,Name0762,Dog0762,NL,,,,,,,,
763,Name0763,Dog0763,NL,,,,,,,,
764,Name0764,Dog0764,NL,,,,,,,,
765,Name0765,Dog0765,NL,,,,,,,,
766,Name0766,Dog0766,NL,,,,,,,,
767,Name0767,Dog0767,NL,,,,,,,,
768,Name0768,Dog0768,NL,,,,,,,,
769,Name0769,Dog0769,NL,,,,,,,,
770,Name0770,Dog0770,NL,,,,,,,,
771,Name0771,Dog0771,NL,,,,,,,,
772,Name0772,Dog0772,NL,,,,,,,,
773,Name0773,Dog0773,NL,,,,,,,,
774,Name0774,Dog0774,NL,,,,,,,,
775,Name0775,Dog0775,NL,,,,,,,,
776,Name0776,Dog0776,NL,,,,,,,,
777,Name0777,Dog0777,NL,,,,,,,,
778,Name0778,Dog0778,NL,,,,,,,,
779,Name0779,Dog0779,NL,,,,,,,,
780,Name0780,Dog0780,NL,,,,,,,,
781,Name0781,Dog0781,NL,,,,,,,,
782,Name0782,Dog0782,NL,,,,,,,,
783,Name0783,Dog0783,NL,,,,,,,,
784,Name0784,Dog0784,NL,,,,,,,,
785,Name0785,Dog0785,NL,,,,,,,,
786,Name0786,Dog0786,NL,,,,,,,,
787,Name0787,Dog0787,NL,,,,,,,,
788,Name0788,Dog0788,NL,,,,,,,,
789,Name0789,Dog0789,NL,,,,,,,,
790,Name0790,Dog0790,NL,,,,,,,,
791,Name0791,Dog0791,NL,,,,,,,,
792,Name0792,Dog0792,NL,,,,,,,,
793,Name0793,Dog0793,NL,,,,,,,,
794,Name0794,Dog0794,NL,,,,,,,,
795,Name0795,Dog0795,NL,,,,,,,,
796,Name0796,Dog0796,NL,,,,,,,,
797,Name0797,Dog0797,NL,,,,,,,,
798,Name0798,Dog0798,NL,,,,,,,,
799,Name0799,Dog0799,NL,,,,,,,,
800,Name0800,Dog0800,NL,,,,,,,,
801,Name0801,Dog0801,NL,,,,,,,,
802,Name0802,Dog0802,NL,,,,,,,,
803,Name0803,Dog0803,NL,,,,,,,,
804,Name0804,Dog0804,NL,,,,,,,,
805,Name0805,Dog0805,NL,,,,,,,,
806,Name0806,Dog0806,NL,,,,,,,,
807,Name0807,Dog0807,NL,,,,,,,,
808,Name0808,Dog0808,NL,,,,,,,,
809,Name0809,Dog0809,NL,,,,,,,,
810,Name0810,Dog0810,NL,,,,,,,,
811,Name0811,Dog0811,NL,,,,,,,,
812,Name0812,Dog0812,NL,,,,,,,,
813,Name0813,Dog0813,NL,,,,,,,,
814,Name0814,Dog0814,NL,,,,,,,,
815,Name0815,Dog0815,NL,,,,,,,,
816,Name0816,Dog0816,NL,,,,,,,,
817,Name0817,Dog0817,NL,,,,,,,,
818,Name0818,Dog0818,NL,,,,,,,,
819,Name0819,Dog0819,NL,,,,,,,,
820,Name0820,Dog0820,NL,,,,,,,,
821,Name0821,Dog0821,NL,,,,,,,,
822,Name0822,Dog0822,NL,,,,,,,,
823,Name0823,Dog0823,NL,,,,,,,,
824,Name0824,Dog0824,NL,,,,,,,,
825,Name0825,Dog0825,NL,,,,,,,,
826,Name0826,Dog0826,NL,,,,,,,,
827,Name0827,Dog0827,NL,,,,,,,,
828,Name0828,Dog0828,NL,,,,,,,,
829,Name0829,Dog0829,NL,,,,,,,,
830,Name0830,Dog0830,NL,,,,,,,,
831,Name0831,Dog0831,NL,,,,,,,,
832,Name0832,Dog0832,NL,,,,,,,,
833,Name0833,Dog0833,NL,,,,,,,,
834,Name0834,Dog0834,NL,,,,,,,,
835,Name0835,Dog0835,NL,,,,,,,,
836,Name0836,Dog0836,NL,,,,,,,,
837,Name0837,Dog0837,NL,,,,,,,,
838,Name0838,Dog0838,NL,,,,,,,,
839,Name0839,Dog0839,NL,,,,,,,,
840,Name0840,Dog0840,NL,,,,,,,,
841,Name0841,Dog0841,NL,,,,,,,,
842,Name0842,Dog0842,NL,,,,,,,,
843,Name0843,Dog0843,NL,,,,,,,,
844,Name0844,Dog0844,NL,,,,,,,,
845,Name0845,Dog0845,NL,,,,,,,,
846,Name0846,Dog0846,NL,,,,,,,,
847,Name0847,Dog0847,NL,,,,,,,,
848,Name0848,Dog0848,NL,,,,,,,,
849,Name0849,Dog0849,NL,,,,,,,,
850,Name0850,Dog0850,NL,,,,,,,,
851,Name0851,Dog0851,NL,,,,,,,,
852,Name0852,Dog0852,NL,,,,,,,,
853,Name0853,Dog0853,NL,,,,,,,,
854,Name0854,Dog0854,NL,,,,,,,,
855,Name0855,Dog0855,NL,,,,,,,,
856,Name0856,Dog0856,NL,,,,,,,,
857,Name0857,Dog0857,NL,,,,,,,,
858,Name0858,Dog0858,NL,,,,,,,,
859,Name0859,Dog0859,NL,,,,,,,,
860,Name0860,Dog0860,NL,,,,,,,,
861,Name0861,Dog0861,NL,,,,,,,,
862,Name0862,Dog0862,NL,,,,,,,,
863,Name0863,Dog0863,NL,,,,,,,,
864,Name0864,Dog0864,NL,,,,,,,,
865,Name0865,Dog0865,NL,,,,,,,,
866,Name0866,Dog0866,NL,,,,,,,,
867,Name0867,Dog0867,NL,,,,,,,,
868,Name0868,Dog0868,NL,,,,,,,,
869,Name0869,Dog0869,NL,,,,,,,,
870,Name0870,Dog0870,NL,,,,,,,,
871,Name0871,Dog0871,NL,,,,,,,,
872,Name0872,Dog0872,NL,,,,,,,,
873,Name0873,Dog0873,NL,,,,,,,,
874,Name0874,Dog0874,NL,,,,,,,,
875,Name0875,Dog0875,NL,,,,,,,,
876,Name0876,Dog0876,NL,,,,,,,,
877,Name0877,Dog0877,NL,,,,,,,,
878,Name0878,Dog0878,NL,,,,,,,,
879,Name0879,Dog0879,NL,,,,,,,,
880,Name0880,Dog0880,NL,,,,,,,,
881,Name0881,Dog0881,NL,,,,,,,,
882,Name0882,Dog0882,NL,,,,,,,,
883,Name0883,Dog0883,NL,,,,,,,,
884,Name0884,Dog0884,NL,,,,,,,,
885,Name0885,Dog0885,NL,,,,,,,,
886,Name0886,Dog0886,NL,,,,,,,,
887,Name0887,Dog0887,NL,,,,,,,,
888,Name0888,Dog0888,NL,,,,,,,,
889,Name0889,Dog0889,NL,,,,,,,,
890,Name0890,Dog0890,NL,,,,,,,,
891,Name0891,Dog0891,NL,,,,,,,,
892,Name0892,Dog0892,NL,,,,,,,,
893,Name0893,Dog0893,NL,,,,,,,,
894,Name0894,Dog0894,NL,,,,,,,,
895,Name0895,Dog0895,NL,,,,,,,,
896,Name0896,Dog0896,NL,,,,,,,,
897,Name0897,Dog0897,NL,,,,,,,,
898,Name0898,Dog0898,NL,,,,,,,,
899,Name0899,Dog0899,NL,,,,,,,,
900,Name0900,Dog0900,NL,,,,,,,,
901,Name0901,Dog0901,NL,,,,,,,,
902,Name0902,Dog0902,NL,,,,,,,,
903,Name0903,Dog0903,NL,,,,,,,,
904,Name0904,Dog0904,NL,,,,,,,,
905,Name0905,Dog0905,NL,,,,,,,,
906,Name0906,Dog0906,NL,,,,,,,,
907,Name0907,Dog0907,NL,,,,,,,,
908,Name0908,Dog0908,NL,,,,,,,,
909,Name0909,Dog0909,NL,,,,,,,,
910,Name0910,Dog0910,NL,,,,,,,,
911,Name0911,Dog0911,NL,,,,,,,,
912,Name0912,Dog0912,NL,,,,,,,,
913,Name0913,Dog0913,NL,,,,,,,,
914,Name0914,Dog0914,NL,,,,,,,,
915,Name0915,Dog0915,NL,,,,,,,,
916,Name0916,Dog0916,NL,,,,,,,,
917,Name0917,Dog0917,NL,,,,,,,,
918,Name0918,Dog0918,NL,,,,,,,,
919,Name0919,Dog0919,NL,,,,,,,,
920,Name0920,Dog0920,NL,,,,,,,,
921,Name0921,Dog0921,NL,,,,,,,,
922,Name0922,Dog0922,NL,,,,,,,,
923,Name0923,Dog0923,NL,,,,,,,,
924,Name0924,Dog0924,NL,,,,,,,,
925,Name0925,Dog0925,NL,,,,,,,,
926,Name0926,Dog0926,NL,,,,,,,,
927,Name0927,Dog0927,NL,,,,,,,,
928,Name0928,Dog0928,NL,,,,,,,,
929,Name0929,Dog0929,NL,,,,,,,,
930,Name0930,Dog0930,NL,,,,,,,,
931,Name0931,Dog0931,NL,,,,,,,,
932,Name0932,Dog0932,NL,,,,,,,,
933,Name0933,Dog0933,NL,,,,,,,,
934,Name0934,Dog0934,NL,,,,,,,,
935,Name0935,Dog0935,NL,,,,,,,,
936,Name0936,Dog0936,NL,,,,,,,,
937,Name0937,Dog0937,NL,,,,,,,,
938,Name0938,Dog0938,NL,,,,,,,,
939,Name0939,Dog0939,NL,,,,,,,,
940,Name0940,Dog0940,NL,,,,,,,,
941,Name0941,Dog0941,NL,,,,,,,,
942,Name0942,Dog0942,NL,,,,,,,,
943,Name0943,Dog0943,NL,,,,,,,,
944,Name0944,Dog0944,NL,,,,,,,,
945,Name0945,Dog0945,NL,,,,,,,,
946,Name0946,Dog0946,NL,,,,,,,,
947,Name0947,Dog0947,NL,,,,,,,,
948,Name0948,Dog0948,NL,,,,,,,,
949,Name0949,Dog0949,NL,,,,,,,,
950,Name0950,Dog0950,NL,,,,,,,,
951,Name0951,Dog0951,NL,,,,,,,,
952,Name0952,Dog0952,NL,,,,,,,,
953,Name0953,Dog0953,NL,,,,,,,,
954,Name0954,Dog0954,NL,,,,,,,,
955,Name0955,Dog0955,NL,,,,,,,,
956,Name0956,Dog0956,NL,,,,,,,,
957,Name0957,Dog0957,NL,,,,,,,,
958,Name0958,Dog0958,NL,,,,,,,,
959,Name0959,Dog0959,NL,,,,,,,,
960,Name0960,Dog0960,NL,,,,,,,,
961,Name0961,Dog0961,NL,,,,,,,,
962,Name0962,Dog0962,NL,,,,,,,,
963,Name0963,Dog0963,NL,,,,,,,,
964,Name0964,Dog0964,NL,,,,,,,,
965,Name0965,Dog0965,NL,,,,,,,,
966,Name0966,Dog0966,NL,,,,,,,,
967,Name0967,Dog0967,NL,,,,,,,,
968,Name0968,Dog0968,NL,,,,,,,,
969,Name0969,Dog0969,NL,,,,,,,,
970,Name0970,Dog0970,NL,,,,,,,,
971,Name0971,Dog0971,NL,,,,,,,,
972,Name0972,Dog0972,NL,,,,,,,,
973,Name0973,Dog0973,NL,,,,,,,,
974,Name0974,Dog0974,NL,,,,,,,,
975,Name0975,Dog0975,NL,,,,,,,,
976,Name0976,Dog0976,NL,,,,,,,,
977,Name0977,Dog0977,NL,,,,,,,,
978,Name0978,Dog0978,NL,,,,,,,,
979,Name0979,Dog0979,NL,,,,,,,,
980,Name0980,Dog0980,NL,,,,,,,,
981,Name0981,Dog0981,NL,,,,,,,,
982,Name0982,Dog0982,NL,,,,,,,,
983,Name0983,Dog0983,NL,,,,,,,,
984,Name0984,Dog0984,NL,,,,,,,,
985,Name0985,Dog0985,NL,,,,,,,,
986,Name0986,Dog0986,NL,,,,,,,,
987,Name0987,Dog0987,NL,,,,,,,,
988,Name0988,Dog0988,NL,,,,,,,,
989,Name0989,Dog0989,NL,,,,,,,,
990,Name0990,Dog0990,NL,,,,,,,,
991,Name0991,Dog0991,NL,,,,,,,,
992,Name0992,Dog0992,NL,,,,,,,,
993,Name0993,Dog0993,NL,,,,,,,,
994,Name0994,Dog0994,NL,,,,,,,,
995,Name0995,Dog0995,NL,,,,,,,,
996,Name0996,Dog0996,NL,,,,,,,,
997,Name0997,Dog0997,NL,,,,,,,,
998,Name0998,Dog0998,NL,,,,,,,,
999,Name0999,Dog0999,NL,,,,,,,,
